g_IDs,gene2,gene3,gene5
gene2,1.0,0.7490359591778504,-0.1449047112004435
gene3,0.7490359591778504,1.0,2.7755575615628914e-17
gene5,-0.1449047112004435,2.7755575615628914e-17,1.0
