g_IDs,gene2,gene3,gene4,gene5
gene2,0.0,0.29042824413130996,0.7904789293691772,0.8742804292366003
gene3,0.29042824413130996,2.9582283945787943e-31,0.23887332197935163,0.5536109407679688
gene4,0.7904789293691772,0.23887332197935163,0.0,0.13424040539798054
gene5,0.8742804292366003,0.5536109407679688,0.13424040539798054,0.0
