g_IDs,gene2,gene3,gene4,gene5
gene2,1.0,0.62835120123207,-0.2085787018825,-0.08401069061820263
gene3,0.62835120123207,0.9999999999999998,-0.7027072478190635,-0.41341345521602446
gene4,-0.2085787018825,-0.7027072478190635,0.9999999999999999,0.8107386081433465
gene5,-0.08401069061820263,-0.41341345521602446,0.8107386081433465,1.0
