g_IDs,gene2,gene3,gene5
gene2,0.0,0.15582815439858583,1.0
gene3,0.15582815439858583,0.0,1.0
gene5,1.0,1.0,0.0
